{
   "metadata" : {
      "creator" : "Rapid API C++",
      "inputNames" : [
         "inputs-1",
         "inputs-2",
         "inputs-1",
         "inputs-2",
         "inputs-1",
         "inputs-2"
      ],
      "numInputs" : 2,
      "numOutputs" : 1,
      "version" : "v0.1.1"
   },
   "modelSet" : [
      {
         "inBases" : [ -61.782852172851563, 30.808120727539063 ],
         "inRanges" : [ 363.25555419921875, 362.4462890625 ],
         "inputNames" : [
            "inputs-1",
            "inputs-2",
            "inputs-1",
            "inputs-2",
            "inputs-1",
            "inputs-2"
         ],
         "modelType" : "Neural Network",
         "nodes" : [
            {
               "Node 1" : 0.61281090974807739,
               "Node 2" : -1.5045461654663086,
               "Threshold" : 0.71542418003082275,
               "name" : "Linear Node 0"
            },
            {
               "Attrib inputs-1" : 3.4065189361572266,
               "Attrib inputs-2" : 0.87672144174575806,
               "Threshold" : -1.2345958948135376,
               "name" : "Sigmoid Node 1"
            },
            {
               "Attrib inputs-1" : 2.0651192665100098,
               "Attrib inputs-2" : -4.1958756446838379,
               "Threshold" : 0.63006031513214111,
               "name" : "Sigmoid Node 2"
            }
         ],
         "numHiddenLayers" : 1,
         "numHiddenNodes" : 2,
         "numHiddenOutputs" : 1,
         "numInputs" : 2,
         "outBase" : 1.5,
         "outRange" : 1.5,
         "whichInputs" : [ 0, 1 ]
      }
   ]
}
